id	technicalName	alias	establishedBy	monthEstablished	yearEstablished	linkToVideo	videoStartTime	videoEndTime	startPos	endPos	difficultyLevel	description	descriptionEs	tips	tipsEs	recommendedPrerequisites	dateAdded	isImportant
10000	Panic Roll		Jediah Doohan			https://www.youtube.com/watch?v=12HbVhoFloM			SOFA	KOREAN	2	From Sofa you spin 270 to land in Korean (or Chest) and combine it with a roll around the line.	Desde Sofa giras 270 para aterrizar en Korean (o Chest) y lo combinas con un giro alrededor de la línea.	Sit in Sofa position grab the line to the side of you with hands facing behind you. On the way up dive down where your hands are and roll around the line. Land in Korean or Chest.	Siéntate en posición de sofá y agarra la línea a tu lado con las manos mirando hacia atrás. Al subir, sumérgete donde están tus manos y rueda alrededor de la línea. Aterriza en coreano o en pecho.	10225	1 Jan 2022	
10001	Side Sofa Roll	Utinni Roll	Michele Eibeck		2021	https://www.instagram.com/p/CNYQEb4Jt1M/			SOFA	SOFA	1	Start in Sofa. Both hands next to you (right or left) holding on to the line. Then do a Sofa Roll with your body leaning towards the line where your hands are.	Comienza en el sofá. Las dos manos a tu lado (derecha o izquierda) sujetándose a la línea. Luego haz un Sofa Roll con tu cuerpo inclinado hacia la línea donde están tus manos.	Stay small and compact during the roll.	Manténgase pequeño y compacto durante el rodaje.		1 Jan 2022	FALSE
10003	Sofa Roll from Korean	Richy Roll	Richard Schupisser			https://youtu.be/yzx3j2WKvGA?t=15	15	21	KOREAN	SOFA	2	From Korean let yourself fall to the side and immediately after you start the roll swing one leg over the line to finish the roll as a Sofa Roll.	Desde korean déjate caer hacia un lado e inmediatamente después de empezar el roll balancea una pierna sobre la línea para terminar el rollo como un sofa-roll				1 Jan 2022	
10004	Hammock Roll		Samuel Volery		2016	https://www.youtube.com/watch?v=maY2RjAJs1g			BACK	BACK	1	Lie on your back and grab the line behind your head with both hands. Hook one foot under the line and roll around the line landing again in Backbounce.	Túmbate de espaldas y agarra la línea por detrás de la cabeza con ambas manos. Engancha un pie bajo la línea y rueda alrededor de la línea aterrizando de nuevo en Backbounce.				1 Jan 2022	
10005	Sofa Roll		Samuel Volery		2016	https://www.youtube.com/watch?v=Ugw1gRm-T0U			SOFA	SOFA	1	Sit in Sofa, grab the line with both hands and press the line against your body. Then let yourself fall backward.	Siéntate en sofá, agarra la línea con ambas manos y presiona la línea contra tu culo. A continuación, déjate caer hacia atrás.	Leash to the side can help prevent bad falls.; If you fall into a backlever position let go of the line in order to save your shoulders.	La correa a un lado puede ayudar a prevenir las malas caídas; si se cae en una posición de espalda, suelte la línea para salvar sus hombros.		1 Jan 2022	
10006	Belly Roll					https://www.youtube.com/watch?v=1qJJ26dPKyc			BELLY	BELLY	1	With both hands on the line supporting your weight you lie on your belly and roll forward around the line.	Con las dos manos en la línea soportando tu peso, te tumbas sobre el vientre de manera perpendicular y ruedas hacia delante alrededor de la línea.				1 Jan 2022	
10007	Chest Roll					https://www.youtube.com/watch?v=ih6Rx-UpBfw&t=333	333	339	CHEST	CHEST	1	From lying on your chest get some momentum with your free arm and then roll around the line grabbing it with both hands. Land back in chest.	Desde el pecho toma impulso con la pierna libre y luego rueda alrededor de la línea agarrándola con ambas manos. Aterriza de nuevo en el pecho.	You can wrap the foot around the line to avoid falling away from the line.	Puede envolver el pie alrededor de la línea para evitar que se caiga de la línea.		1 Jan 2022	
10011	Korean Roll					https://www.youtube.com/watch?v=yze-WPst9R8			KOREAN	KOREAN	1	Sit in Korean, grab the line in front of you with both hands and let yourself fall to the side.	Siéntese en Korean, agarre la línea frente a usted con ambas manos y déjese caer hacia un lado.	Sometimes called "Harry Potter Roll"	A veces llamado "Rollo de Harry Potter"		1 Jan 2022	
10012	Back Korean Roll to Sofa		Sakalomo		2021	https://youtu.be/7yLCyoHgUS0?t=783	783	790	KOREAN	SOFA	2	Do a Back Korean Roll but the legs go away from the line so you can go to Sofa when landing.	Inicia el movimiento de un back korean roll pero pasa una pierna por delante para terminar en sofa al final del roll				1 Jan 2022	
10013	Freefall 360 Roll		Eli Ellis		2019	https://www.instagram.com/p/Bsi7_vTlN0Y/			SOFA	CHEST	2	Freefall with a Roll. Similar to Panic Roll but starting in Sofa facing the other anchor.	Caída libre con un roll. Similar al Panic Roll pero comenzando en Sofá de cara al otro anclaje				1 Jan 2022	FALSE
10014	Expo Buddha Roll		Eli Ellis		2020	https://youtu.be/hsALSrUdryU?t=29	30	33	BUDDHA	BUDDHA	2	Buddha Roll.	Roll con las piernas cruzadas en forma de buda , una mano alante y otra atras. si es en expo una mano a cada lado 				1 Jan 2022	FALSE
10015	Flowflip					https://youtu.be/12HbVhoFloM?t=199	199		KOREAN	CHEST	2	Similar to a Panic Roll but you start from Korean turned 90 further away to where you want to go.	Es similar a un panic roll, pero empiezas desde korean girado 90 más lejos de donde quieres ir.	Grab the line behind your back and let yourself fall backwards. The rest happens by magic!	Agarra la línea a tu espalda y déjate caer hacia atrás. El resto ocurre por arte de magia.	10000;10224	1 Jan 2022	
10016	Panic Roll to Sofa		Salomé Cholet		2021	https://youtu.be/7yLCyoHgUS0?t=491	491	496	SOFA	SOFA	2	Do a Panic Roll but before you land throw your second leg on the other side of the line as well to land back in Sofa.	Haz un panic roll pero antes de aterrizar lanza tu segunda pierna al otro lado de la línea también para aterrizar de nuevo en Sofá.			10000	1 Jan 2022	
10017	Backbounce to Chest Roll					https://www.youtube.com/watch?v=ih6Rx-UpBfw&t=478	478	483	BACK	CHEST	2	From Backbounce move forward like you are going to Chest but add a Chest Roll.	Desde el Backbounce muévete hacia delante como si fueras a hacer Chest pero añade un Chest Roll.			10186	1 Jan 2022	
10018	Backbounce Panic Roll					https://www.youtube.com/watch?v=LPsuhcOZd0Q			BACK	KOREAN	2	From Backbounce swing one leg to one side and roll around the line on the other side to perform a Panic Roll.	Desde el Backbounce gira una pierna hacia un lado y rueda alrededor de la línea del otro lado para realizar un Panic Roll.			10000;10186	1 Jan 2022	
10019	Backbounce Richy Roll					https://www.youtube.com/watch?v=uuFlRIMmP8M&t=199	199	203	BACK	SOFA	2	From Backbounce get back up into Korean and in one fluid motion kick one leg over the line to go into a Sofa Roll.	Desde el Backbounce vuelve a subir a korean y en un movimiento fluido patea una pierna por encima de la línea para pasar a un Sofa Roll.			10003;10186	1 Jan 2022	
10020	Double Hammock Roll					https://youtu.be/Ej2ocABoNC4?t=19688	19688	19693	BACK	BACK	2	Two Hammock Rolls in one bounce.	Dos hammok roll en un solo rebote.			10004	1 Jan 2022	
10021	Back Roll Twist					https://youtu.be/rWqH_51ztQA?t=3487	3487	3493	BACK	KOREAN	2	This often happens when you try a normal Back Roll with bad timing.	Esto suele ocurrir cuando se intenta hacer un Back Roll normal con un mal timing (demasiado temprano)				1 Jan 2022	
10022	Sofa Roll 360		Anthony Boulay			https://www.youtube.com/watch?v=ekkrE58S4O8			SOFA	SOFA	3	Start like you would do a Panic Roll but in the end stick your butt out and land in Sofa.	Empieza como si hicieras un panik roll pero al final saca el culo y aterriza en Sofá.			10222	1 Jan 2022	
10023	Hammock Roll from Feet		Augustin Moinat		2021				STAND	BACK	3	Roll down to Backbounce.	Rueda hacia abajo a Backbounce desde pie .			10004	1 Jan 2022	
10024	Korean 270 Spin to Back Belly Roll	Underflip	Augustin Moinat		2021				KOREAN	BELLY	3	Spin like you would do a flowflip (without the rotation) but then finish with a back belly roll.	Gira como si hicieras un flowflip (sin roll) pero luego termina con un giro de vientre hacia atrás.				1 Jan 2022	
10025	Back Roll Twist from Feet	Escoba Roll	Sakalomo		2021	https://www.instagram.com/p/CMm5lqolNs4/			STAND	CHEST	3	Do a Back Roll from Feet but with a roll around the line as well.	Haz un voltereta hacia atras  desde los Pies pero con un roll alrededor de la línea también.				1 Jan 2022	
10026	Back Korean Roll 180	Richard Roll	Sakalomo		2021	https://youtu.be/7yLCyoHgUS0?t=694	694	698	KOREAN	KOREAN	3	Do a Back Korean Roll but the legs go away from the line in order to turn 180 and land back in Korean looking at the other anchor.	Haz un Rollo Coreano de Espalda pero las piernas se alejan de la línea para girar 180 y aterrizar de nuevo en coreano mirando al otro ancla.				1 Jan 2022	
10027	Nevermind BS 360 to Chest	Spiral	Sakalomo		2021	https://youtu.be/7yLCyoHgUS0?t=746	746	761	NEVERMIND	CHEST	3	Do a Nevermind up but instead of going to Feet you turn 360 and land in Chest.	Haz una subida de Nevermind pero en vez de ir a Pies giras 360 y aterrizas en Pecho.				1 Jan 2022	
10028	Double Double Drop Knee Roll		Davis Hermes		2021	https://youtu.be/VP49hErTqM0?t=125	125	130	DOUBLE DROP KNEE	DOUBLE DROP KNEE	3	Double Roll in Double Drop Knee.	Doble rodillo en la rodilla de doble caída.				1 Jan 2022	
10029	Inward Drop Knee Spin to Front Sofa Roll		Davis Hermes		2021	https://youtu.be/VP49hErTqM0?t=97	97	102	INWARD DROP KNEE	SOFA	3	Start from Inward Drop Knee and spin 270 to go into a Front Sofa Roll.	Comienza desde la rodilla caída hacia adentro y gira 270 para entrar en un rollo de sofá frontal.				1 Jan 2022	
10030	Freefall 360		Eli Ellis		2019	https://www.instagram.com/p/Bsi7_vTlN0Y/			SOFA	CHEST	3	Start in Sofa facing the anchor, spin 360 behind you down to Chest.	Comienza en Sofá de cara al ancla, gira 360 detrás de ti hasta el pecho.				1 Jan 2022	FALSE
10031	Frodo Roll from Feet		Eli Ellis		2019	https://www.instagram.com/p/CIqfPhXhNw5/			EXPOSURE	FRODO	3	Roll down to Frodo.	Baja a Frodo.				1 Jan 2022	FALSE
10032	Sick Nasty to Chest	Nasty Chest	Eli Ellis		2020	https://www.instagram.com/p/CJeCTdHBaUn/			SOFA	CHEST	3	Sick Nasty landing in Chest.	Sick Nasty aterrizando en el pecho.				1 Jan 2022	FALSE
10033	Frodo Roll to Expo Buddha		Eli Ellis		2020	https://youtu.be/hsALSrUdryU?t=143	143	147	FRODO	BUDDHA	3	Starting in Frodo do a roll and land in Buddha.	Empezando por Frodo haz una tirada y aterriza en Buda.				1 Jan 2022	FALSE
10034	Nevermind Roll to Sofa	Never Lounge	Eli Ellis		2018				NEVERMIND	SOFA	3	Do a Nevermind with a Chest Roll and then swing your leg over to end in Sofa.	Haz un "Nevermind" con un "Chest Roll" y luego gira la pierna para terminar en "Sofa".				1 Jan 2022	FALSE
10035	Sick Nasty to Chest Roll	Nasty Chest Roll	Eli Ellis		2020	https://www.instagram.com/p/CJeCTdHBaUn/			SOFA	CHEST	3	Sick Nasty to Chest Roll.	Rollo de la enfermedad en el pecho.				1 Jan 2022	
10036	Nevermind		Friedi Kuehne		2015	https://www.youtube.com/watch?v=JXLw6K-AX7I			NEVERMIND	STAND	3	From the catch position (Nevermind) stand back up.	Desde la posición de captura (no importa) ponte de pie.				1 Jan 2022	
10037	Half Back Roll		Guillaume Fontaine		2017	https://www.youtube.com/watch?v=O_E_2cB0Pcw&t=4	4	7	BACK	SHOULDER	3	From Backbounce do a Back Roll but stop in Shoulderstand.	Desde el Backbounce haz un Back Roll pero detente en el Shoulderstand.			10047	1 Jan 2022	FALSE
10038	360 to Chest	Dirty Bastard	Ian Eisenberg		2021	https://www.youtube.com/watch?v=A8O3iGYGPPk&t=39	39	41	STAND	CHEST	3	From standing you turn 360 and land in Chest.	Desde la posición de pie se gira 360 y se aterriza en Pecho.				1 Jan 2022	
10039	Antihero		Ian Eisenberg		2020	https://youtu.be/Ab2gW1rv5e8?t=34	34	48	ROCKET	SOFA	3	Antihero but landing in Sofa.	Antihéroe pero aterrizando en Sofá.				1 Jan 2022	
10040	Rocket Cartwheel to Hang	Shuriken	Ian Eisenberg		2020	https://youtu.be/qLEnzTtvTcA?t=26	26	31	ROCKET	ROCKET	3	Do a 360 while hanging under the line.	Haz un 360 mientras cuelgas bajo la línea.				1 Jan 2022	FALSE
10041	"No-hands" Korean Roll from Feet	California Roll	Ian Eisenberg		2020	https://youtu.be/T27UrrWAr7A			STAND	KOREAN	3	From standing let the line come to your kneepit and roll to the side landing in korean.	Desde la posición de pie deja que la línea llegue a tu rodilla y rueda hacia el lado aterrizando en coreano.				1 Jan 2022	
10042	Feet to Shoulder	Kamikaze	Samuel Volery			https://youtu.be/9Ab1JPDJR-I?t=234	234	237	STAND	SHOULDER	3	From Standing drop to Shoulderstand.	De la caída de pie a la parada de hombros.				1 Jan 2022	
10043	Rocket Mount to Sofa		Samuel Volery		2017	https://youtu.be/hsALSrUdryU?t=73	73	78	ROCKET	SOFA	3	From Hanging fly up to Sofa.	Desde la mosca colgante hasta el sofá.				1 Jan 2022	
10044	Sick Nasty	Flare	Samuel Volery		2018	https://www.youtube.com/watch?v=_xAtTSwu7M8			SOFA	SOFA	3	From Sofa you grab the line next to you with both hands and swing the legs over the line and around behind you and again over the line on the other side of your hands back to Sofa.	Desde el Sofá agarras la línea que está a tu lado con ambas manos y balanceas las piernas por encima de la línea y por detrás de ti y de nuevo por encima de la línea al otro lado de tus manos de vuelta al Sofá.				1 Jan 2022	
10045	Triple Hammock Roll		Tlaloc Moctezuma-Burns		2020	https://www.youtube.com/watch?v=Se5XNo0RSP8&t=557	557	562	BACK	BACK	3	Three Hammock Rolls in one bounce.	Tres rollos de hamaca en un solo rebote.				1 Jan 2022	FALSE
10046	Back Roll to Backbounce	Back Magic				https://www.youtube.com/watch?v=-HEZdGIakVQ			BACK	BACK	3	Back Roll directly into Backbounce.	Rollo de espalda directamente en Backbounce.			10047	1 Jan 2022	FALSE
10047	Back Roll					https://youtu.be/9pi0GYhBvdo?t=13	13	19	BACK	KOREAN	3	From Backbounce pull yourself to the back over your shoulder and land in Korean.	Desde el Backbounce tira hacia atrás por encima del hombro y aterriza en coreano.	Have the leash on the same side as the shoulder you roll over.	Tenga la correa en el mismo lado que el hombro sobre el que rueda.		1 Jan 2022	
10048	Front Roll								SHOULDER	KOREAN	3	From Shoulderstand roll over your back to land in Korean.	Desde la parada de hombros rueda sobre tu espalda para aterrizar en coreano.	If you are on the right shoulder try to thread your right arm through the leash so you don't end up with the leash stuck on your shoulder.	Si está en el hombro derecho, intente pasar el brazo derecho por la correa para no acabar con la correa atascada en el hombro.		1 Jan 2022	
10049	Utinni Roll to Feet		Michele Eibeck		2021	https://www.instagram.com/p/CVy8ddWKXQx/			SOFA	EXPOSURE	4	Like Sofa Roll to Feet but grabbing with both hands on your side.	Como el rollo de sofá a los pies, pero agarrando con ambas manos en su lado.				1 Jan 2022	FALSE
10050	Panic Roll to Feet		Anthony Boulay			https://www.youtube.com/watch?v=hQaJ54xvfOA			SOFA	EXPOSURE	4	Panic Roll but landing to Feet.	Rollo de pánico pero aterrizando a los pies.	During the roll get your far foot on the line. At the end of the roll get your second foot up on the line.	Durante la tirada, pon el pie más lejano en la línea. Al final de la tirada, pon el segundo pie en la línea.	10000	1 Jan 2022	
10051	Shoulder Roll		Anthony Boulay			https://youtu.be/hsALSrUdryU?t=81	81	85	SHOULDER	SHOULDER	4	From Shoulderstand roll to one side and land back in Shoulderstand.	Desde la postura de los hombros gira hacia un lado y vuelve a la postura de los hombros.				1 Jan 2022	
10052	Makako		Sakalomo		2021	https://youtu.be/44gWgvZrso4			NEVERMIND	BELLY	4	Hang in Nevermind but with the hands opposing each other. Thread the leg that is free through your leg and the closer arm and kick through to go to Back Belly Roll.	Colócate en Nevermind pero con las manos opuestas. Enhebra la pierna que está libre a través de tu pierna y el brazo más cercano y da una patada para pasar a Back Belly Roll.				1 Jan 2022	
10053	FS 360 Butt Flatspin	Butter	Tlaloc Moctezuma-Burns		2021	https://youtu.be/RDVaUFdqMmE?t=237	237	241	SOFA	SOFA	4	In Sofa grab the line behind you (right arm grabs the line to your left behind you or vice versa). Then pull with that arm to do a 360 landing back in Sofa.	En Sofa agarra la línea detrás de ti (el brazo derecho agarra la línea a tu izquierda detrás de ti o viceversa). Luego tira con ese brazo para hacer un aterrizaje de 360 en Sofa.				1 Jan 2022	
10054	Rocket Mount to Back Sofa Roll		Sakalomo		2020	https://youtu.be/n_YEN0Yva5I?t=70	70	76	ROCKET	SOFA	4	From Hanging swing your legs beside your hands (similar to a Sick Nasty movement) and go into a Back Sofa Roll.	Desde Hanging balancea tus piernas al lado de tus manos (similar a un movimiento Sick Nasty) y pasa a un Back Sofa Roll.				1 Jan 2022	
10055	Frodo Roll to Feet		Eli Ellis		2019	https://www.instagram.com/p/CIqfPhXhNw5/			FRODO	EXPOSURE	4	Frodo Roll to Feet.	Frodo rueda a los pies.				1 Jan 2022	FALSE
10056	Belly Roll to Feet		Enzo Fuchs		2018	https://www.youtube.com/watch?v=qUxUNfgvoPs&t=107	107	110	BELLY	EXPOSURE	4	From Belly turn one time around the line and land in Exposure in one bounce.	Desde Belly gira una vez alrededor de la línea y aterriza en Exposure en un rebote.			10006	1 Jan 2022	
10057	Chest Roll to Front Roll		Guillaume Fontaine		2017	https://youtu.be/O_E_2cB0Pcw?t=40	40	44	CHEST	KOREAN	4	Start by doing a Chest Roll and then do a Front Roll by pushing with one foot off the line.	Comienza haciendo un Rollo de Pecho y luego haz un Rollo de Frente empujando con un pie fuera de la línea.				1 Jan 2022	
10058	360 Roll Down to Chest		Ian Eisenberg		2021	https://www.youtube.com/watch?v=A8O3iGYGPPk&t=86	86	96	STAND	CHEST	4	From standing you turn 360 while doing a roll around the line and land in Chest.	Desde la posición de pie se gira 360 mientras se hace un rollo alrededor de la línea y se aterriza en Pecho.				1 Jan 2022	
10059	Reverse Rocket Mount to Sofa	Rock'n'Roll	Ian Eisenberg		2020	https://www.youtube.com/watch?v=5rGCjINEs0Q&t=39	39	43	ROCKET	SOFA	4	From Rocket do a Reverse Rocket Mount but instead of going to Feet you land in Sofa.	Desde Rocket haz un Reverse Rocket Mount pero en lugar de ir a Feet aterriza en Sofa.				1 Jan 2022	
10060	Shrimpflip		Ian Eisenberg		2021	https://youtu.be/7yLCyoHgUS0?t=1501	1501	1508	ROCKET	ROCKET	4	From the Rocket you kick your feet trough your arms between the line and your body, regrab the line and land back in Rocket.	Desde el Cohete pateas tus pies a través de tus brazos entre la línea y tu cuerpo, vuelves a agarrar la línea y aterrizas de nuevo en el Cohete.				1 Jan 2022	
10061	Cordova Roll		Ian Eisenberg		2020	https://youtu.be/Ab2gW1rv5e8?t=58	58	63	ROCKET	ROCKET	4	Go up behind the line in a Double Drop Knee position but then fully extend your upper body and upper legs while keeping the line at your ankles behind your back. Roll around the line and end up back in Hanging.	Sube por detrás de la línea en posición de Doble Rodilla Caída, pero luego extiende completamente la parte superior del cuerpo y la parte superior de las piernas mientras mantienes la línea en tus tobillos por detrás de tu espalda. Rueda alrededor de la línea y termina de nuevo en Colgado.				1 Jan 2022	FALSE
10062	Rocket 360 to Rocket	Full Rocket	Ian Eisenberg		2021	https://youtu.be/aYsX0kpCnAg?t=23	23	31	ROCKET	ROCKET	4	From Rocket do a 360 around an axis perpendicular to the line and land again in Rocket.	Desde Rocket haz un 360 alrededor de un eje perpendicular a la línea y aterriza de nuevo en Rocket.				1 Jan 2022	FALSE
10063	Rocket Roll 180 to Sofa	Rocket Rewind	Ian Eisenberg		2021	https://youtu.be/aYsX0kpCnAg?t=6	6	14	ROCKET	SOFA	4	Start by doing a Rocket Mount but then go into a Belly Roll finishing with a 180 to Sofa.	Comienza haciendo un Rocket Mount pero luego pasa a un Belly Roll terminando con un 180 a Sofa.	Get a lot of momentum for the Rocket Roll and in the end do a 180 and stick your butt out as in the Sofa Roll 360.	Coge mucho impulso para el Rocket Roll y al final haz un 180 y saca el culo como en el Sofa Roll 360.		1 Jan 2022	
10065	Sick Nasty 180 Variation	Freak Nasty	Ian Eisenberg		2020	https://youtu.be/uOuqykzwN7w?t=147	147	162	SOFA	SOFA	4	Do a Sick Nasty but with a 180.	Haz un Sick Nasty pero con un 180.			10044	1 Jan 2022	FALSE
10066	One Leg Sit Roll to Feet	Can of Soup	Justin Wagers		2019	https://youtu.be/xqblad7pNLA?t=300	300	316	SOUP	STAND	4	From One Leg Sit you roll to the side in the direction of your leg that is on the line and land to Feet in normal stance.	Desde la sentada a una pierna se rueda hacia un lado en la dirección de la pierna que está en la línea y se aterriza a los pies en posición normal.				1 Jan 2022	
10067	Rocket Mount		Samuel Volery		2017	https://youtu.be/ralBLQvsf-g			ROCKET	EXPOSURE	4	From Hanging fly up to exposure.	De la mosca colgante a la exposición.	Get some momentum with your legs in the bottom part of the bounce. As soon as you are weightless pull the line below your feet.; This trick doesn't require as much strength as you would think! It's all about getting enough momentum with your legs.; If you can't hold the bounce in the hanging position try again with less bounce.	Coge impulso con las piernas en la parte inferior del rebote. Tan pronto como te encuentres sin peso, tira de la cuerda por debajo de tus pies; Este truco no requiere tanta fuerza como crees. Se trata de conseguir suficiente impulso con las piernas.; Si no puedes mantener el rebote en la posición colgante, inténtalo de nuevo con menos rebote.		1 Jan 2022	
10068	Sick Nasty Roll		Samuel Volery		2019	https://youtu.be/uOuqykzwN7w?t=65	65	70	SOFA	SOFA	4	Sick Nasty with an additional Back Sofa Roll in the same bounce.	Sick Nasty con un rollo de sofá adicional en el mismo rebote.	Regrab with the far hand to get into the Back Sofa Roll.	Regrabación con la mano más lejana para entrar en el rollo del sofá trasero.	10044	1 Jan 2022	
10069	Sofa 360 to Feet	Baguette	Tlaloc Moctezuma-Burns		2020	https://youtu.be/hsALSrUdryU?t=49	49	53	SOFA	EXPOSURE	4	From Sofa you do a 360 and then land in Exposure	Desde Sofá haces un 360 y luego aterrizas en Exposición			10222	1 Jan 2022	
10070	Front Chest Roll to Feet					https://www.youtube.com/watch?v=qUxUNfgvoPs&t=35	35	38	CHEST	STAND	4	Do a Chest Roll and in the end of the roll push yourself away from the line to put your feet on.	Haz un rollo de pecho y al final del rollo empújate de la línea para poner los pies.				1 Jan 2022	
10071	Fake Sick Nasty Roll					https://youtu.be/hsALSrUdryU?t=153	153	157	KOREAN	SOFA	4	Sick Nasty Roll but starting from Korean.	Sick Nasty Roll pero empezando por el coreano.			10044	1 Jan 2022	
10072	Sick Nasty to Feet	Flare to Feet				https://youtu.be/Ej2ocABoNC4?t=18159	18159	18164	SOFA	EXPOSURE	4	From Sofa you grab the line next to you with both hands and swing the legs over the line and around behind you and then you land in Exposure on the other side of your hands.	Desde el Sofá agarras la línea que está a tu lado con las dos manos y balanceas las piernas sobre la línea y por detrás de ti y luego aterrizas en Exposición al otro lado de tus manos.			10044	1 Jan 2022	
10073	Obi Wan								ROCKET	STAND	4	It's a mix between Rocket Mount and Nevermind.	Es una mezcla entre Rocket Mount y Nevermind.	From Hanging use the bounce to get your feet up to the line and mantle in the same bounce.	Regrabación con la mano más lejana para entrar en el rollo del sofá trasero.		1 Jan 2022	FALSE
10074	Reverse Obi Wan		Sakalomo			https://youtu.be/n_YEN0Yva5I?t=161	161	166	ROCKET	STAND	5	Obi Wan but you go up behind the line feet first.	Obi Wan, pero sube detrás de la línea.	Bring the foot that does not go to the line straight away far over the line to get your center of gravity right over the line and then put it on the line in the end of the trick.	Lleva el pie que no va a la línea recta muy por encima de la línea para que tu centro de gravedad esté justo sobre la línea y luego ponlo en la línea al final del truco.		1 Jan 2022	
10075	Reverse Rocket Mount to Double Drop Knee		Domingo Capo		2021	https://youtu.be/7yLCyoHgUS0?t=1775	1775	1782	ROCKET	DOUBLE DROP KNEE	5	From Hanging do a Reverse Rocket Mount but land in Double Drop Knee.	Desde la horca haz un Reverse Rocket Mount pero aterriza en Double Drop Knee.				1 Jan 2022	FALSE
10076	Double Drop Knee Roll to Feet		Domingo Capo		2021	https://youtu.be/7yLCyoHgUS0?t=1767	1767	1772	DOUBLE DROP KNEE	EXPOSURE	5	From Double Drop Knee do a roll and stand up to land in Exposure.	Desde la Doble Caída de Rodilla haz un giro y levántate para aterrizar en la Exposición.				1 Jan 2022	
10077	Hammock Back Roll		Guillaume Fontaine		2017	https://youtu.be/Ej2ocABoNC4?t=22785	22785	22790	BACK	KOREAN	5	Do a Hammock Roll and finish with a Back Roll in the same bounce.	Haz un Hammock Roll y termina con un Back Roll en el mismo rebote.			10047	1 Jan 2022	
10078	Half Back Roll to Shoulder Roll		Guillaume Fontaine		2017	https://www.youtube.com/watch?v=O_E_2cB0Pcw&t=61	61	65	BACK	SHOULDER	5	Do a Half Back Roll but add a Shoulder Roll to finish the trick.	Haz un Medio Rollo de Espalda pero añade un Rollo de Hombros para terminar el truco.			10051	1 Jan 2022	FALSE
10079	Back Roll to Feet		Guillaume Fontaine		2017	https://www.youtube.com/watch?v=Se5XNo0RSP8&t=662	662	666	BACK	STAND	5	Do a Back Roll and go directly to Feet.	Haz un giro hacia atrás y ve directamente a los pies.			10047	1 Jan 2022	
10080	Front Roll from Feet	Frontflop	Guillaume Fontaine		2017	https://youtu.be/n2z3IyeQSj4?t=41	41	44	STAND	KOREAN	5	From Standing do a frontflip across the line and land in Korean.	Desde la posición de pie haz una voltereta frontal a través de la línea y aterriza en coreano.	Thread your arm through the leash so it is not wrapped around your shoulder.	Pase su brazo por la correa para que no se enrolle alrededor de su hombro.		1 Jan 2022	
10081	Chest Roll 360 Flatspin		Ian Eisenberg		2021	https://www.youtube.com/watch?v=n2z3IyeQSj4&t=25	25	33	CHEST	CHEST	5	Do a Chest Roll and in the same bounce a 360 Chest Flatspin.	Haz un Chest Roll y en el mismo rebote un 360 Chest Flatspin.				1 Jan 2022	FALSE
10082	Sick Nasty 180 Front Sofa Roll	Mini-Cube	Ian Eisenberg		2021	https://www.youtube.com/watch?v=7yLCyoHgUS0&t=1142	1142	1147	SOFA	SOFA	5	Do a Sick Nasty 180 with an additional Front Sofa Roll. The motions happen at the same time rather than one after each other.	Haz un Sick Nasty 180 con un Front Sofa Roll adicional. Los movimientos se realizan al mismo tiempo en lugar de uno tras otro.			10213	1 Jan 2022	
10083	Rocket 180 Double Roll to Sofa	Rocket Rewind Roll	Ian Eisenberg		2021	https://youtu.be/n2z3IyeQSj4?t=47	47	53	ROCKET	SOFA	5	Rocket Rewind with an additional Back Sofa Roll in the end.	Rocket Rewind con un rollo de sofá trasero adicional al final.			10063	1 Jan 2022	FALSE
10084	Orbital		Ian Eisenberg		2020	https://www.youtube.com/watch?v=t6xPycD-JbY			STAND	KOREAN	5	Grab the line with one hand, bring it around your body by passing it to your other hand and land in Korean.	Agarra la línea con una mano, llévala alrededor de tu cuerpo pasándola a la otra mano y aterriza en coreano.				1 Jan 2022	
10085	Backbounce Panic Roll to Feet		Lukas Irmler		2018	https://youtu.be/Se5XNo0RSP8?t=437	437	441	BACK	EXPOSURE	5	From Backbounce go into the Panic Roll to Feet.	Desde el Backbounce, entra en el Panic Roll to Feet.			10050	1 Jan 2022	
10086	Back Roll from Feet	Dibahia Roll (Backflop)	Matheus Stoco Vidal			https://youtu.be/Ej2ocABoNC4?t=18150	18150	18154	STAND	KOREAN	5	From standing you jump back and roll over your shoulder to land in Korean.	Desde la posición de pie se salta hacia atrás y se rueda por encima del hombro para aterrizar en coreano.	Have the leash on the same side as the shoulder you roll over.	Tenga la correa en el mismo lado que el hombro sobre el que rueda.	10047	1 Jan 2022	
10087	Rocket Mount to Shoulder		Samuel Volery		2017	https://youtu.be/Se5XNo0RSP8?t=527	527	533	ROCKET	SHOULDER	5	From Hanging go up to shoulder stand.	Desde Hanging sube a la posición de los hombros.	When dropping down to Rocket already grab with the hands as you would for the Shoulderstand then you don't have to regrab.	Cuando bajes a Rocket ya agarra con las manos como lo harías para el Shoulderstand entonces no tienes que volver a agarrar.		1 Jan 2022	
10088	Rocket Backflip		Sebastian Egger		2021	https://youtu.be/9Ab1JPDJR-I?t=168	168	171	ROCKET	ROCKET	5	In Rocket do a backflip, completely letting go of the line and landing back in Rocket.	En Rocket haz un backflip, soltando completamente la línea y aterrizando de nuevo en Rocket.				1 Jan 2022	
10089	Side Roll over Neck	Sarah Roll	Tlaloc Moctezuma-Burns		2020	https://youtu.be/Se5XNo0RSP8?t=563	563	568	SOFA	SOFA	5	Sit in Sofa and roll to the side over your neck back to Sofa.	Siéntese en el Sofá y ruede hacia un lado sobre su cuello de vuelta al Sofá.	There are more comfortable tricks to try.	Hay trucos más cómodos para probar.		1 Jan 2022	FALSE
10090	Back Chest Roll to Feet					https://www.instagram.com/p/CUITT4wgvmH/			CHEST	STAND	5	Do a Back Chest Roll and in the end of the roll push yourself away from the line to put your feet on.	Haz un rollo de pecho hacia atrás y al final del rollo empújate de la línea para poner los pies.				1 Jan 2022	
10092	Hammock Roll to Feet		Augustin Moinat		2021				BACK	STAND	6	Hammock Roll going directly to Feet.	El rollo de la hamaca va directamente a los pies.				1 Jan 2022	
10093	270 Can of Soup	Can of Bisque	Davis Hermes		2021	https://youtu.be/VP49hErTqM0?t=356	356	362	SOUP	EXPOSURE	6	Do a Can of Soup and a 270 at the same time.	Haz una lata de sopa y un 270 al mismo tiempo.			10066	1 Jan 2022	
10094	Exposure Orbital to Sofa	Exporbital	Ian Eisenberg		2021	https://www.youtube.com/watch?v=2ykEngQRgKo&t=6	6	16	EXPOSURE	SOFA	6	Orbital to Sofa but starting in Exposure.	Orbital a Sofá pero comenzando en Exposición.			10084	1 Jan 2022	FALSE
10095	Antihero from Feet		Ian Eisenberg		2021	https://youtu.be/7yLCyoHgUS0?t=1437	1437	1442	EXPOSURE	SOFA	6	From Exposure you grab the line with one hand and roll forward. As soon as you are under the line you perform an Antihero to Sofa.	Desde la Exposición agarras la línea con una mano y ruedas hacia adelante. En cuanto estés bajo la línea realizas un Antihéroe a Sofá.			10039	1 Jan 2022	FALSE
10096	180 to Orbital		Ian Eisenberg		2021	https://youtu.be/A8O3iGYGPPk?t=146	146	154	STAND	KOREAN	6	Do a 180 and then an Orbital.	Haz un 180 y luego un Orbital.			10084	1 Jan 2022	FALSE
10097	Rocket Mount 180		Ian Eisenberg		2020	https://youtu.be/dG9sJvKjg6E?t=285	285	293	ROCKET	EXPOSURE	6	Rocket Mount with a 180.	Montaje de cohetes con un 180.	The movement in the end is comparable to the Sofa 360 to Feet.	El movimiento al final es comparable al del Sofá 360 a Pies.	10067	1 Jan 2022	
10098	Sick Nasty Double Roll		Ian Eisenberg		2020	https://youtu.be/qLEnzTtvTcA?t=21	21	26	SOFA	SOFA	6	Sick Nasty Roll with an additional Back Sofa Roll in the same bounce.	Rollo asqueroso con un rollo de sofá adicional en el mismo rebote.			10068	1 Jan 2022	FALSE
10099	Sofa 360 Double Roll		Justin Wagers		2020	https://youtu.be/hsALSrUdryU?t=134	134	139	SOFA	SOFA	6	Do a Sofa Roll 360 with an additional Back Sofa Roll in the end.	Realiza un Sofa Roll 360 con un Sofa Roll de espalda adicional al final.	You have to be fast with the regrab.	Hay que ser rápido con el regrab.	10022	1 Jan 2022	
10100	BS 180 Front Korean Roll to Feet	Fire Flip	Salomé Cholet		2021	https://youtu.be/HecUpHXRpDw?t=302	302	315	KOREAN	STAND	6	Start as you would do a Flowflip but rolling frontside (in direction of your chest) and do a 180 instead of a 360.	Empieza como harías un Flowflip pero rodando de frente (en dirección a tu pecho) y haz un 180 en lugar de un 360.			10209	1 Jan 2022	
10101	Back Belly Roll to Feet					https://www.youtube.com/watch?v=7yLCyoHgUS0&t=723	723	729	BELLY	EXPOSURE	6	Do a Belly Roll to Feet but rolling backwards.	Haz un Belly Roll a los pies pero rodando hacia atrás.				1 Jan 2022	FALSE
10102	Flowflip to Feet					https://www.youtube.com/watch?v=kn15JZJOuAg			KOREAN	EXPOSURE	6	Flowflip but landing to Feet in Exposure.	Flowflip pero aterrizando a Pies en la Exposición.	During the flip get your far foot on the line. At the end of the flip get your second foot up on the line.	Durante el salto, pon el pie más lejano en la línea. Al final de la voltereta, pon el segundo pie en la línea.	10015	1 Jan 2022	
10103	Backbounce Richy Roll to Feet					https://www.youtube.com/watch?v=uuFlRIMmP8M&t=260	260	264	BACK	EXPOSURE	6	From Backbounce perform a Richy Roll but land directly to Feet.	Desde el Backbounce realiza un Richy Roll pero aterriza directamente en los pies.			10226;10227	1 Jan 2022	
10104	Shoulder Roll to Feet					https://www.youtube.com/watch?v=7CZuU59KY_c&t=71	71	78	SHOULDER	EXPOSURE	6	From Shoulderstand roll to one side and get your feet on the line. Land in Exposure.	Desde la parada de hombros rueda hacia un lado y pon los pies en la línea. Aterriza en la exposición.			10051	1 Jan 2022	
10105	Panic Roll to Shoulder					https://youtu.be/uOuqykzwN7w?t=48	48	58	SOFA	SHOULDER	6	Do the Panic Roll but instead of landing in Chest you go into Shoulderstand.	Haz el rollo de pánico pero en lugar de aterrizar en el pecho te pones en posición de hombros.	Regrab with one hand to land comfortably in Shoulderstand.	Regrab con una mano para aterrizar cómodamente en Shoulderstand.	10000	1 Jan 2022	FALSE
10106	Double Hammock Roll from Feet	Spaghetti Roll	Augustin Moinat		2021				STAND	BACK	7	Double Roll down to Backbounce.	Doble rodillo hasta el rebote.			10023	1 Jan 2022	FALSE
10107	Double Sofa Roll to Feet	Tamatta Roll	Axel Weber		2021	https://www.instagram.com/p/CLU7Ni-l1sY/			SOFA	EXPOSURE	7	Double Sofa Roll landing in Exposure.	Aterrizaje del sofá doble en la exposición.			10199	1 Jan 2022	
10109	Sick Nasty 360	Tre Nasty	Ian Eisenberg		2021	https://youtu.be/wHPNMiKrHsQ?t=44	44	63	SOFA	SOFA	7	Start with the motion of a Sick Nasty 180 but keep spinning and do a full 360 landing back in the starting position.	Comienza con el movimiento de un Sick Nasty 180 pero sigue girando y haz un 360 completo aterrizando de nuevo en la posición inicial.			10044	1 Jan 2022	
10110	Tre Nasty Roll	Tre Flip	Ian Eisenberg		2021	https://www.instagram.com/p/CUayzIYg49i/			SOFA	SOFA	8	Start with the motion of a Sick Nasty 180 but keep spinning, do a full 360, and add a roll, landing back in the starting position.	Comienza con el movimiento de un Sick Nasty 180 pero sigue girando, haz un 360 completo y añade un giro, aterrizando de nuevo en la posición inicial.			10109	1 Jan 2022	FALSE
10111	Chest Roll 180 Flatspin to Feet		Ian Eisenberg		2021	https://www.youtube.com/watch?v=n2z3IyeQSj4&t=16	16	23	CHEST	EXPOSURE	7	Do a Chest Roll and in the same bounce a 180 Chest Flatspin to Feet.	Haz un Rollo de Pecho y en el mismo rebote un Flatspin de Pecho 180 a Pies.				1 Jan 2022	FALSE
10112	Shapeshifter		Ian Eisenberg		2021	https://www.youtube.com/watch?v=QrUyUx8oJUY			EXPOSURE	ROCKET	7	From Exposure do a front flip off the line and catch the line to land in Rocket.	Desde Exposure haz una voltereta frontal fuera de la línea y atrapa la línea para aterrizar en Rocket.				1 Jan 2022	
10113	Rocket Mount Side Roll to Sofa		Ian Eisenberg		2021	https://www.youtube.com/watch?v=7yLCyoHgUS0&t=1082	1082	1091	ROCKET	SOFA	7	From Rocket Mount do a Side Roll with the axis of rotation perpendicular to the line and land in Sofa.	Desde el montaje del cohete haz un giro lateral con el eje de rotación perpendicular a la línea y aterriza en Sofá.	Flip one of your hands to allow for a better initiation of the momentum.	Voltea una de tus manos para permitir una mejor iniciación del impulso.		1 Jan 2022	FALSE
10114	Korean Roll from Feet to Feet	Sushi Roll	Ian Eisenberg		2021	https://youtu.be/Ab2gW1rv5e8?t=16	16	20	STAND	STAND	7	Do a Korean Roll but starting from Feet and landing to Feet.	Haz un rollo coreano pero empezando por los pies y aterrizando en los pies.			10041	1 Jan 2022	
10115	Orbital to Feet	Sakalorbital	Ian Eisenberg		2020	https://youtu.be/Ab2gW1rv5e8?t=69	69	74	STAND	EXPOSURE	7	Grab the line with one hand, bring it around your body by passing it to your other hand and then land in Exposure.	Agarra la línea con una mano, llévala alrededor de tu cuerpo pasándola a tu otra mano y luego aterriza en Exposición.			10084	1 Jan 2022	
10116	Sick Nasty 360 to Chest	Tre Nasty to Chest	Ian Eisenberg		2021	https://youtu.be/eP2pBpKv4wI?t=39	39	44	SOFA	CHEST	7	Tre Nasty landing in Chest.	Tre Nasty aterrizando en el pecho.			10109	1 Jan 2022	FALSE
10117	Sick Nasty 180 to Feet	Freak Nasty to Feet	Ian Eisenberg		2020	https://youtu.be/T27UrrWAr7A?t=36	36	53	SOFA	EXPOSURE	7	Do a Sick Nasty but with a 180 landing in Exposure.	Haz un Sick Nasty pero con un aterrizaje de 180 en Exposure.			10065	1 Jan 2022	
10118	540 Spin		Joshua Leupolz		2021	https://youtu.be/qUxUNfgvoPs?t=46	46	49	STAND	STAND	7	Spin 540 on the line in a standing position.	Gira 540 en la línea en posición de pie.			10228	1 Jan 2022	FALSE
10119	Yoda Roll		Samuel Volery		2016	https://www.youtube.com/watch?v=DgVLWsChXFM			EXPOSURE	EXPOSURE	7	From Exposure grab the line with both hands and roll around the line landing back in Exposure.	Desde la Exposición agarra la línea con ambas manos y rueda alrededor de la línea aterrizando de nuevo en la Exposición.	Try to wait a bit after hitting the bottom of the bounce before you start with the trick. If you start too early you will kill the bounce.	Intenta esperar un poco después de tocar el fondo del rebote antes de empezar con el truco. Si empiezas demasiado pronto matarás el rebote.	10199	1 Jan 2022	
10120	Back Yoda Roll		Samuel Volery		2017	https://youtu.be/QJzX6gaYQoM?t=34	34	41	EXPOSURE	EXPOSURE	7	From Exposure grab the line with both hands and roll around the line backwards landing back in Exposure.	Desde la Exposición agarra la línea con ambas manos y rueda alrededor de la línea hacia atrás aterrizando de nuevo en la Exposición.	Try to wait a bit after hitting the bottom of the bounce before you start with the trick. If you start too early you will kill the bounce.	Intenta esperar un poco después de tocar el fondo del rebote antes de empezar con el truco. Si empiezas demasiado pronto matarás el rebote.	10200	1 Jan 2022	
10121	Reverse Rocket Mount		Samuel Volery		2019	https://youtu.be/uOuqykzwN7w?t=171	171	188	ROCKET	EXPOSURE	7	Like a Rocket Mount but go up behind the line.	Como un Rocket Mount pero subiendo por detrás de la línea.	Sam and Ian have quite different techniques for this trick. Try both and see which one suits you (or do your own variation of course).	Sam e Ian tienen técnicas bastante diferentes para este truco. Prueba ambos y ve cuál te conviene (o haz tu propia variación, por supuesto).		1 Jan 2022	
10122	Barrel Roll					https://www.youtube.com/watch?v=dG9sJvKjg6E&t=396	396	402	STAND	STAND	7	From your normal stance grab the line with both hands and roll around the line landing back in the starting position.	Desde su posición normal, agarre la línea con ambas manos y ruede alrededor de la línea aterrizando de nuevo en la posición inicial.			10066	1 Jan 2022	
10123	Back Barrel Roll					https://www.youtube.com/watch?v=dG9sJvKjg6E&t=396	396	402	STAND	STAND	7	From your normal stance grab the line with both hands and roll around the line backwards landing back in the starting position.	Desde tu postura normal, agarra la línea con ambas manos y rueda alrededor de la línea hacia atrás aterrizando de nuevo en la posición inicial.			10169	1 Jan 2022	
10124	Front Almighty Flip		Axel Weber		2020	https://youtu.be/jIBjYEMRhrQ			EXPOSURE	EXPOSURE	8	From Exposure do a front flip while hooking one foot under the line and putting it back on the line for the landing.	Desde la Exposición haz una voltereta frontal mientras enganchas un pie bajo la línea y lo vuelves a poner en la línea para el aterrizaje.	After 270 deg of rotation try to pull the line under yourself with your feet.	Después de 270 grados de rotación, intenta tirar de la línea debajo de ti con los pies.	10119	1 Jan 2022	
10125	No Foot Front Almighty Flip	High'N'Mighty	Ian Eisenberg		2021	https://www.instagram.com/p/CVYpkmVg2FY/			STAND	STAND	8	Barrel Front Almighty Flip but instead of hooking the line with your foot you press the line against your other leg.	Barrel Front Almighty Flip pero en lugar de enganchar la línea con el pie, presionas la línea contra tu otra pierna.			10124	1 Jan 2022	FALSE
10126	180 Back Roll from Feet	180 Backflop	Ian Eisenberg		2021	https://www.youtube.com/watch?v=A8O3iGYGPPk&t=135	135	142	STAND	KOREAN	8	Do a 180 and then go into a Back Roll from Feet.	Haz un 180 y luego pasa a un Rollo de Espalda desde los Pies.			10086	1 Jan 2022	
10127	Panic Roll to Feet (No Hands)	Panic Attack	Ian Eisenberg		2021	https://www.youtube.com/watch?v=7yLCyoHgUS0&t=1355	1355	1364	SOFA	EXPOSURE	8	You do a Panic Roll to Feet but don't use your hands to hold the line. Instead use your foot to hook the line and go to Feet.	Haces un Rollo de Pánico a Pies pero no usas las manos para sujetar la línea. En lugar de ello, utiliza el pie para enganchar la línea y pasar a Pies.			10050	1 Jan 2022	
10128	Shrimpflip 180 to Feet	King Prawn	Ian Eisenberg		2021	https://youtu.be/7yLCyoHgUS0?t=1560	1560	1574	ROCKET	EXPOSURE	8	Do a Shrimpflip 180 but then go to Feet.	Haz un Shrimpflip 180 pero luego ve a Pies.			10229	1 Jan 2022	
10129	180 Front Roll from Feet	180 Frontflop	Ian Eisenberg		2021	https://youtu.be/A8O3iGYGPPk?t=116	116	132	STAND	KOREAN	8	From Standing you turn 180 and do a Frontroll from Feet.	Desde la posición de pie se gira 180 y se hace un Frontroll desde los pies.			10080	1 Jan 2022	
10130	360 Orbital to Feet		Ian Eisenberg		2021	https://youtu.be/A8O3iGYGPPk?t=175	175	192	STAND	STAND	8	Orbital to Feet but with a 360 spin.	Orbital a Pies pero con un giro de 360.			10115	1 Jan 2022	
10132	Antihero to Feet	Darth Vader	Ian Eisenberg		2021	https://www.youtube.com/watch?v=V0fMaONFvVY			ROCKET	EXPOSURE	8	Like an Antihero to Sofa but landing in Exposure.	Como un Antihéroe a Sofá pero aterrizando en Exposición.			10039	1 Jan 2022	
10133	Panic Roll from Feet to Feet	Adrenaline Roll	Ian Eisenberg		2020	https://youtu.be/qLEnzTtvTcA?t=38	38	42	STAND	EXPOSURE	8	Do a 90 with restepping and go into a Yoda Roll.	Haz un 90 con restepping y pasa a un Yoda Roll.			10050	1 Jan 2022	
10134	Han Solo		Jim Galli		2020	https://www.youtube.com/watch?v=dG9sJvKjg6E&t=323	323	327	EXPOSURE	EXPOSURE	8	Almighty Flip but instead of hooking the line with your foot you grab and pull on the leash.	Almighty Flip, pero en lugar de enganchar la línea con el pie, agarras y tiras de la correa.			10119	1 Jan 2022	
10135	Backbounce Nirvana		Justin Wagers		2021	https://www.instagram.com/p/CSW1c4Li76j/			BACK	EXPOSURE	8	Nirvana from Backbounce.	Nirvana de Backbounce.			10140	1 Jan 2022	
10136	Front Barrel Almighty Flip		Justin Wagers		2020	https://youtu.be/hsALSrUdryU?t=62	62	66	STAND	STAND	8	Almighty flip but from normal stance.	Voltereta todopoderosa pero desde la posición normal.			10122	1 Jan 2022	
10137	Panic Double Roll to Feet		Justin Wagers		2021	https://youtu.be/RDVaUFdqMmE?t=261	261	266	SOFA	EXPOSURE	8	Panic Roll with an additional Chest Roll landing to Feet.	Rollo de pánico con un rollo de pecho adicional aterrizando a los pies.			10050	1 Jan 2022	
10138	Back Barrel Almighty Flip		Justin Wagers		2020	https://youtu.be/Se5XNo0RSP8?t=426	426	430	STAND	STAND	8	Like the barrel almighty flip but flipping the other direction.	Como la vuelta del barril pero volteando en la otra dirección.			10123	1 Jan 2022	
10139	Double Can of Soup		Justin Wagers		2019	https://youtu.be/rWqH_51ztQA?t=6977	6977	6981	SOUP	STAND	8	From sitting position (one legged) you do two rolls to the side and land on your feet in normal stance.	Desde la posición de sentado (con una pierna) se hacen dos rollos hacia el lado y se aterriza sobre los pies en posición normal.			10066	1 Jan 2022	
10140	Sofa Roll 360 to Feet	Nirvana	Salomé Cholet		2021	https://youtu.be/7yLCyoHgUS0?t=580	580	594	SOFA	EXPOSURE	8	Do a Sofa Roll 360 but go to Feet and land in Exposure.	Haz un Sofa Roll 360 pero ve hacia los pies y aterriza en la exposición.			10022;10069	1 Jan 2022	
10141	FS 360 Rocket Mount		Sebastian Egger		2021	https://www.instagram.com/p/CPgJRJHK777/			ROCKET	EXPOSURE	8	Rocket Mount with a 360.	Montaje de cohete con un 360.	First spin a little bit into the opposite direction to then explode out the way you really want to spin.; Try to avoid doing a Rocket Mount 180 and then restep with your feet but go for the 360 right away.	Primero gira un poco en la dirección opuesta para luego explotar en la dirección que realmente quieres girar; trata de evitar hacer un Rocket Mount 180 y luego vuelve a dar un paso con los pies, pero ve a por el 360 de inmediato.	10097	1 Jan 2022	
10142	Sofa 540 to Feet		Sebastian Egger		2021	https://www.instagram.com/p/CPgJRJHK777/			SOFA	EXPOSURE	8	From Sofa you do a Sofa 360 to Feet but add a 180 in the end.	Desde el Sofá se hace un Sofá 360 a Pies pero se añade un 180 al final.	Try to not do the 360 and then restep to get the 540 but instead go for the 540 directly.	Intenta no hacer el 360 y luego el restep para conseguir el 540, sino que ve directamente a por el 540.	10069	1 Jan 2022	
10143	Back Almighty Flip		Sebastian Egger		2020	https://youtu.be/jIBjYEMRhrQ			EXPOSURE	EXPOSURE	8	From Exposure do a back flip while hooking one foot under the line and putting it back on the line for the landing.	Desde la Exposición haz una voltereta hacia atrás mientras enganchas un pie bajo la línea y lo pones de nuevo en la línea para el aterrizaje.	First lean back and then kick/hook the line.	Primero inclínate hacia atrás y luego patea/engancha la línea.	10120	1 Jan 2022	
10144	Switch 270 Yoda Roll Fake 90	Flowflip from Feet to Feet	Sebastian Egger		2021				STAND	STAND	8	From standing in switch you spin 180 by just turning your feet (no stepping). Then do an Adrenaline Roll but when you are landing, turn your feet again to not land in Exposure but in normal stance.	Desde la posición de cambio, gira 180 con sólo girar los pies (sin pisar). Luego haz un Adrenaline Roll pero cuando estés aterrizando, gira los pies de nuevo para no aterrizar en Exposición sino en postura normal.	Either start or land in switch.	O bien empieza o aterriza en el interruptor.	10171	1 Jan 2022	FALSE
10145	Butter Roll to Feet	The Tesseract	Ian Eisenberg		2021	https://www.instagram.com/p/CVhgrM6B6jd/			SOFA	EXPOSURE	8	Start by doing the Butter and roll to your back to land in Expo.	Comienza haciendo el Butter y rueda hacia tu espalda para aterrizar en la Expo.			10230	1 Jan 2022	
10146	Hammock Roll from Feet to Feet	Lasagna Roll	Augustin Moinat		2021	https://youtu.be/aAq4Tf8naOM?t=139	139	144	STAND	STAND	9	Hammock Roll starting from Feet and going directly back to Feet.	Rodar en hamaca empezando por los pies y volviendo directamente a los pies.			10023;10092	1 Jan 2022	
10147	Nirvana from Feet	Total Nirvana	Sakalomo		2021	https://youtu.be/HecUpHXRpDw?t=55	55	68	EXPOSURE	EXPOSURE	9	Basically a Sofa Roll 360 from Feet to Feet.	Básicamente un Sofá Roll 360 de Pies a Pies.			10140	1 Jan 2022	
10148	Back Roll from Feet to Feet	Backflip	Ian Eisenberg		2021	https://youtu.be/Ej2ocABoNC4?t=18588	18588	18593	STAND	STAND	9	The highline freestyle Backflip! As the name implies it is a Back Roll from Feet to Feet.	¡El Backflip de highline freestyle! Como su nombre indica es un Back Roll de pies a pies.			10079;10086	1 Jan 2022	
10149	Rocket Front Roll to Feet	Super Sonic Mount	Ian Eisenberg		2020	https://www.youtube.com/watch?v=r5rwYkvnbco			ROCKET	EXPOSURE	9	From Hanging get a lot of momentum with your feet and do one front roll around the line and land in Exposure.	Desde el Hanging coge mucho impulso con los pies y haz un roll frontal alrededor de la línea y aterriza en Exposure.			10056	1 Jan 2022	
10150	Double Back Yoda Roll	Back Turtle Roll	Ian Eisenberg		2020	https://www.youtube.com/watch?v=RerW2T7edVA			EXPOSURE	EXPOSURE	9	Two Back Yoda Rolls in one bounce.	Dos Rollos de Yoda hacia atrás en un solo rebote.			10120	1 Jan 2022	
10151	Sick Nasty Roll to Feet	Darkside Roll	Ian Eisenberg		2020	https://youtu.be/Ab2gW1rv5e8?t=79	79	91	SOFA	EXPOSURE	9	Start with a Sick Nasty Roll but instead of swinging both your legs over the line again put one foot on the line and keep the other one behind the line. Then put the second foot on and stick the trick.	Comienza con un Sick Nasty Roll, pero en lugar de balancear ambas piernas sobre la línea, pon un pie en la línea y mantén el otro detrás de la línea. Luego pon el segundo pie y pega el truco.			10068	1 Jan 2022	
10152	180 Darth Vader		Ian Eisenberg		2021	https://youtu.be/HecUpHXRpDw?t=218	218	234	ROCKET	EXPOSURE	9	Darth Vader with a 180.	Darth Vader con un 180.			10132	1 Jan 2022	FALSE
10153	180 Front Almighty Flip		Ian Eisenberg		2021	https://youtu.be/n2z3IyeQSj4?t=88	88	105	EXPOSURE	EXPOSURE	9	Do a 180 and then go into a Front Almighty Flip.	Haz un giro de 180º y luego entra en una voltereta frontal todopoderosa.			10124	1 Jan 2022	
10154	Double Barrel Roll		Justin Wagers		2021	https://www.youtube.com/watch?v=VP49hErTqM0&t=415	415	419	STAND	STAND	9	Double Barrel Roll.	Rodillo de doble barril.			10139	1 Jan 2022	
10155	Frontroll from Feet to Feet	Chrysalis	Nick Day		2021	https://www.youtube.com/watch?v=8fqUe9ZQvAc			STAND	STAND	9	In one bounce do a Frontroll starting from Feet and landing back to Feet.	En un rebote haz un Frontroll partiendo de Pies y aterrizando de nuevo en Pies.	Longer lines allow for more time to execute the trick.	Las líneas más largas permiten más tiempo para ejecutar el truco.	10080;10231	1 Jan 2022	
10156	Double Yoda Roll	Turtle Roll	Pablo Signoret			https://www.youtube.com/watch?v=VP49hErTqM0&t=420	420	423	EXPOSURE	EXPOSURE	9	Two Yoda Rolls in one bounce.	Dos rollos de Yoda en un rebote.			10107	1 Jan 2022	
10157	Fake 360 Front Almighty Flip		Sebastian Egger		2021	https://www.instagram.com/p/COPXx5vtOBy/			STAND	STAND	9	Starting in switch stance you do a 270 spin and go into a Front Almighty Flip in the end turn 90 to look back at the same anchor where you started.	Empezando en posición de cambio, haces un giro de 270 y pasas a un Front Almighty Flip al final giras 90 para mirar de nuevo al mismo ancla donde empezaste.			10153	1 Jan 2022	FALSE
10158	Flowflip from Feet to Feet	Overflow	Tim Odermatt		2021	https://www.instagram.com/p/CSHcZfUFG9H/			STAND	STAND	9	From your regular stance do a frontside 270 and roll around the line like you would for a Flowflip. Try to land back in your normal stance and not in Exposure.	Desde tu postura normal haz un 270 frontal y rueda alrededor de la línea como lo harías para un Flowflip. Intenta aterrizar de nuevo en tu postura normal y no en Exposure.			10171	1 Jan 2022	
10159	Makako to Feet		Sakalomo		2021	https://youtu.be/rWqH_51ztQA?t=5633	5633	5640	NEVERMIND	EXPOSURE	10	Makako landing in Exposure.	Makako aterrizando en Exposición.			10052	1 Jan 2022	
10160	Despedido to Feet		Sakalomo		2021	https://youtu.be/HecUpHXRpDw?t=162	162	178	KOREAN	EXPOSURE	10	Despedido landing in Exposure	Despedido aterrizando en Exposición			10170	1 Jan 2022	
10161	180 Super Sonic Mount		Ian Eisenberg		2021	https://youtu.be/HecUpHXRpDw?t=249	249	265	ROCKET	EXPOSURE	10	It's like a Rocket Rewind to Feet.	Es como un Rocket Rewind a Feet.			10149;10140	1 Jan 2022	
10162	360 Front Almighty Flip		Ian Eisenberg		2021	https://youtu.be/HecUpHXRpDw?t=367	367	380	STAND	STAND	10	The real 360 Front Almighty with the starting and ending stance being the same.	El verdadero Frente 360 Todopoderoso con la postura inicial y final siendo la misma.			10153	1 Jan 2022	
10163	Rocket Back Roll to Feet	Reverse Super Sonic Mount	Samuel Volery		2021	https://www.youtube.com/watch?v=EntnbHe_biY			ROCKET	EXPOSURE	10	From hanging get a lot of momentum with your feet and do one back roll around the line and land in exposure.	Desde la suspensión coge mucho impulso con los pies y haz un giro hacia atrás alrededor de la línea y aterriza en la exposición.			10101;10121	1 Jan 2022	
10164	Triple Back Yoda Roll		Davis Hermes		2021	https://www.instagram.com/p/CUNMWEgAGP4/			EXPOSURE	EXPOSURE	11	Three Back Yoda Rolls in one bounce.	Tres Rollos de Yoda hacia atrás en un solo rebote.			10150	1 Jan 2022	
10165	Barrel Almighty Flip to Barrel Roll	Holy Grail	Davis Hermes		2021	https://youtu.be/UdG4DNI0SNk?t=92	92	97	STAND	STAND	11	Start by doing a Barrel Almighty Flip and go for a second roll by grabbing the line and doing a Barrel Roll.	Empieza haciendo un Barrel Almighty Flip y haz una segunda tirada agarrando la línea y haciendo un Barrel Roll.			10154	1 Jan 2022	
10166	Darth Vader from Feet		Ian Eisenberg		2021	https://youtu.be/HecUpHXRpDw?t=436	436	452	EXPOSURE	EXPOSURE	11	Start in Expo and roll down until you are under the line. Then do a Darth Vader.	Comienza en la Expo y rueda hacia abajo hasta que estés bajo la línea. Entonces haz un Darth Vader.			10132	1 Jan 2022	
10167	Double Back Almighty Flip		Sebastian Egger		2021	https://youtu.be/HecUpHXRpDw?t=547	547	567	EXPOSURE	EXPOSURE	11	Double Back Almighty Flip	Doble Vuelta Todopoderosa	Do the first one laid out and tuck for the second one to get good momentum.; Try to get the hook at your ankle. If the line is near your toes it's hard to pull it around for the second roll.	Haz la primera tirada y métete para la segunda para conseguir un buen impulso; Intenta que el gancho esté en tu tobillo. Si la línea está cerca de los dedos de los pies es difícil tirar de ella para la segunda tirada.	10150;10143	1 Jan 2022	
10168	Double Front Almighty Flip		Sebastian Egger		2021	https://youtu.be/HecUpHXRpDw?t=780	780	793	EXPOSURE	EXPOSURE	11	Double Front Almighty Flip.	Doble vuelta frontal todopoderosa.	Stay open for the first one and tuck for the second one to get good momentum.	Quédate abierto en el primero y métete en el segundo para conseguir un buen impulso.	10156;10124	1 Jan 2022	
10169	Back Can of Soup		Ian Eisenberg		2021	https://youtu.be/IDYpoOE8Kq8?t=32	32	46	SOUP	STAND	4	From One Leg Sit you roll to the side in the direction of your leg that is hanging down and land to Feet in normal stance.	Desde la sentada a una pierna, rueda hacia un lado en dirección a la pierna que cuelga y aterriza con los pies en posición normal.				1 Jan 2022	
10170	Back Korean Roll 360 to Chest	Despedido	Sakalomo		2021	https://www.youtube.com/watch?v=7yLCyoHgUS0&t=1036	1036	1040	KOREAN	CHEST	7	It's a Back Korean Roll and a 360 at the same time.	Es un rollo coreano trasero y un 360 al mismo tiempo.				1 Jan 2022	
10171	180 Front Yoda Roll		Ian Eisenberg		2021	https://youtu.be/Ab2gW1rv5e8?t=22	22	33	EXPOSURE	EXPOSURE	8	From Exposure do a 180 and during the spin go into the Yoda Roll.	Desde la Exposición haz un 180 y durante el giro entra en el Yoda Roll.			10119	1 Jan 2022	
10172	Shapeshifter to Feet	Ninja Shifta	Enzo Fuchs		2021	https://www.instagram.com/p/CXOfVZGgZ7b/			EXPOSURE	EXPOSURE	10	Shapeshifter landing to feet.	Shapeshifter aterrizando a los pies.			10112	1 Jan 2022	
10173	BS 270 Back Yoda Roll	Dojo Roll	Ian Eisenberg		2021	https://youtu.be/BOGMXJsXWCE?t=31	31	43	STAND	EXPOSURE	8	Turn 180 to your BS and go into a Back Yoda Roll finishing the last 90 degrees of spin.	Gira 180 hacia tu BS y entra en un Back Yoda Roll terminando los últimos 90 grados de giro.			10120;10145	1 Jan 2022	
10174	Shrimp Double Flip	Kung Pao	Ian Eisenberg		2021	https://www.instagram.com/p/CXPSK-BKQAg/			ROCKET	ROCKET	7	Do a Shrimpflip and in the same bounce another flip around the line.	Haz un Shrimpflip y en el mismo rebote otra vuelta alrededor de la línea.			10060;10121	1 Jan 2022	FALSE
10175	Barrel late Orbital 180		Justin Wagers		2021	https://www.instagram.com/p/CXJSAepFj4L/			STAND	CHEST	9	Start with a Barrel Roll and then add an Orbital in the same bounce.	Empieza con un Barrel Roll y luego añade un Orbital en el mismo rebote.	You gotta be quick for this one.	Tienes que ser rápido para esto.	10122;10206	1 Jan 2022	
10176	Back No Soup		Tim Odermatt		2021	https://www.instagram.com/p/CVvIbn3lFqU/			SOUP	EXPOSURE	7	A Can of Soup without hands, basically a Back Almighty starting from Sit.	Una lata de sopa sin manos, básicamente un Back Almighty partiendo de Sit.	Throw your hands in the air at the bottom of the bounce, it will allow you to gain more momentum to finish the rotation.	Lanza las manos al aire en la parte inferior del rebote, te permitirá ganar más impulso para terminar la rotación.	10143	1 Jan 2022	
10177	Full Flare from Korean	Nasty Korean	Sebastian Egger		2021				KOREAN	KOREAN	5	It's like the breakdance move starting from Korean and landing back in Korean.	Es como el movimiento de breakdance que empieza en coreano y vuelve a aterrizar en coreano.				1 Jan 2022	
10178	Almighty from Sofa	Dirty Sofa	Tim Odermatt		2021				SOFA	EXPOSURE	8	Start in Sofa and then bring one foot up to the line to hook it and go for an Almighty Flip.	Comienza en Sofá y luego lleva un pie hasta la línea para engancharla y hacer una Voltereta Todopoderosa.			10124	1 Jan 2022	
10179	Belly to Feet								BELLY	EXPOSURE	0	From Belly lift one foot up on the line, remove the hand on the same side to help you balance and then press the line down with this foot and the other hand to get the second foot up.	Desde el vientre levanta un pie en la línea, saca la mano del mismo lado para ayudarte a equilibrar y luego presiona la línea hacia abajo con este pie y la otra mano para levantar el segundo pie.				1 Jan 2022	
10180	Sofa to Feet					https://www.youtube.com/watch?v=_CqGa-iBrHE			SOFA	EXPOSURE	0	From Sofa lift one foot up on the line, remove the hand on the same side to help you balance and then press the line down with this foot and the other hand to get the second foot up.	Desde el sofá levanta un pie en la línea, saca la mano del mismo lado para ayudarte a equilibrar y luego presiona la línea hacia abajo con este pie y la otra mano para levantar el segundo pie.	You might need to shift your weight to the opposite side of the foot you are trying to get onto the line.	Es posible que tengas que desplazar tu peso hacia el lado opuesto del pie con el que intentas entrar en la línea.		1 Jan 2022	
10181	Korean to Feet					https://www.youtube.com/watch?v=1hPL5d3en8c			KOREAN	STAND	0	From Korean you get both feet on top of the line. Then do a Sit Mount in the same bounce.	Desde el coreano se ponen los dos pies encima de la línea. Luego haz un Sit Mount en el mismo rebote.	A higher bounce helps you standing up.	Un mayor rebote te ayuda a estar de pie.		1 Jan 2022	
10182	Back to Feet					https://www.youtube.com/watch?v=MpfpSkwcqsg			BACK	STAND	0	From lying on your back hook one foot under the line and from this foot pull yourself to an upright position. Then use the free foot to put it on the line and stand up on it. Before the bounce ends unhook your foot and come to a standing position.	Desde la espalda, engancha un pie bajo la línea y desde este pie tira hasta una posición vertical. A continuación, utiliza el pie libre para ponerlo sobre la línea y ponerte de pie sobre ella. Antes de que termine el rebote desengancha el pie y ponte de pie.				1 Jan 2022	
10183	Chest to Feet					https://www.youtube.com/watch?v=Z11fkcCv_Qo			CHEST	STAND	0	From Chest you push the line down with one arm and the back foot in order to put your front foot on the line.	Desde el pecho se empuja la línea hacia abajo con un brazo y el pie trasero para poner el pie delantero en la línea.				1 Jan 2022	
10184	Sit to Feet					https://www.youtube.com/watch?v=rdV2Jhi6U5Y			SIT	STAND	0	From Sit you stand up on the top of the bounce. If you don't have enough momentum, you can pull on the line with one arm.	Desde Sit te levantas en la parte superior del rebote. Si no tienes suficiente impulso, puedes tirar de la línea con un brazo.				1 Jan 2022	
10185	Korean Bounce					https://www.youtube.com/watch?v=1hPL5d3en8c			STAND	KOREAN	0	From standing on the line you let the line come towards your body on the top of the bounce and then slide your feet off the line to land in Korean.	Desde la línea de pie, dejas que la línea se acerque a tu cuerpo en la parte superior del rebote y luego deslizas tus pies fuera de la línea para aterrizar en el coreano.				1 Jan 2022	
10186	Back Bounce					https://www.youtube.com/watch?v=MpfpSkwcqsg			STAND	BACK	0	From standing on the line you let the line come towards your body on the top of the bounce and when your butt is on the line you lean all the way back and slide your feet off the line to land in Back.	De pie en la línea dejas que la línea venga hacia tu cuerpo en la parte superior del rebote y cuando tu trasero está en la línea te inclinas completamente hacia atrás y deslizas tus pies fuera de la línea para aterrizar en Back.				1 Jan 2022	
10187	Chest Bounce					https://www.youtube.com/watch?v=Z11fkcCv_Qo			STAND	CHEST	0	On the way to the top of the bounce you let the line come towards your body and grab it with one hand. Slide your front foot off the line and with your hand controlling the line you drop on your chest.	En el camino hacia la cima del rebote dejas que la línea venga hacia tu cuerpo y la agarras con una mano. Desliza el pie delantero fuera de la línea y con la mano que controla la línea te dejas caer sobre el pecho.				1 Jan 2022	
10188	Sit Bounce					https://www.youtube.com/watch?v=rdV2Jhi6U5Y			STAND	SIT	0	From standing on the line you let the line come towards your body on the top of the bounce and sit down keeping both of your feet on the line.	De pie en la línea, dejas que la línea venga hacia tu cuerpo en la parte superior del rebote y te sientas manteniendo ambos pies en la línea.				1 Jan 2022	
10189	Sofa Bounce					https://www.youtube.com/watch?v=_CqGa-iBrHE			EXPOSURE	SOFA	0	From Exposure let the line come towards your body and grab the line with both hands then slide your feet off to land in Sofa.	Desde la exposición deja que la línea se acerque a tu cuerpo y agarra la línea con ambas manos, luego desliza tus pies para aterrizar en Sofá.				1 Jan 2022	
10190	Belly Bounce								EXPOSURE	BELLY	0	From Exposure let the line come towards your body and grab the line with both hands then slide your feet off to land in Belly.	Desde la exposición deja que la línea se acerque a tu cuerpo y agarra la línea con ambas manos, luego desliza tus pies para aterrizar en Belly.				1 Jan 2022	
10191	Soup to Feet					https://www.youtube.com/watch?v=-xz9Ex3IE-M			SOUP	STAND	0	From Soup you stand up on the top of the bounce. If you don't have enough momentum, you can pull on the line with one arm.	Desde Soup te pones de pie en la parte superior del rebote. Si no tienes suficiente impulso, puedes tirar de la línea con un brazo.				1 Jan 2022	
10192	Soup Bounce					https://www.youtube.com/watch?v=-xz9Ex3IE-M			STAND	SOUP	0	From standing on the line you let the line come towards your body on the top of the bounce and sit down keeping one of your feet on the line.	De pie en la línea dejas que la línea venga hacia tu cuerpo en la parte superior del rebote y te sientas manteniendo uno de tus pies en la línea.				1 Jan 2022	
10193	Double Shoulder Roll to Feet		Enzo Fuchs		2020	https://www.instagram.com/p/CFKdxdlq9yd/			SHOULDER	EXPOSURE	8	Double Shoulder Roll landing in Exposure.	Aterrizaje con doble hombro en la exposición.				1 Jan 2022	
10194	Leash to Feet	Whatever	Enzo Fuchs		2021	https://www.instagram.com/p/CRyXVw0ISbI/			LEASH	EXPOSURE	7	Drop into a leash fall and on the way up climb the leash and pull the line under your feet.	Déjate caer en una caída de la correa y al subir sube la correa y tira de la línea bajo tus pies.			10073	1 Jan 2022	
10195	Reverse Whatever		Sebastian Egger		2021	https://youtu.be/Ej2ocABoNC4?t=23482	23482	23490	LEASH	EXPOSURE	6	Drop into a leash fall and then feet first up behind the line similar to a Reverse Obi-Wan.	Cae en una caída con correa y luego sube con los pies por detrás de la línea de manera similar a un Obi-Wan inverso.	Amazing leash fall saving trick.	Increíble truco para salvar la caída de la correa.	10074	1 Jan 2022	
10196	Sick Nasty from Feet to Feet		Enzo Fuchs		2021	https://www.instagram.com/p/CWQrmuTAwNl/			EXPOSURE	EXPOSURE	7	Sick Nasty from Feet to Feet.	Enfermo asqueroso de pies a cabeza.			10044;10072	1 Jan 2022	
10197	Front Yoda Rewind		Sebastian Egger		2021	https://youtu.be/aAq4Tf8naOM?t=135	135	139	EXPOSURE	EXPOSURE	8	It's almost a Front Yoda Roll and a Back Yoda Roll in the same bounce. Start at the very bottom of the bounce with a Front Yoda Roll so the line snaps up and after around three quarters of rotation you have some resistance of the line to push off of into the Back Yoda Roll. 	Es casi un Yoda Roll frontal y un Yoda Roll trasero en el mismo rebote. Comienza en la parte inferior del rebote con un Yoda Roll frontal para que la línea se levante y después de tres cuartos de rotación tengas algo de resistencia de la línea para empujar hacia el Yoda Roll trasero. 	Start a lot earlier than you would for most tricks.	Empieza mucho antes de lo que lo harías para la mayoría de los trucos.		1 Jan 2022	FALSE
10198	Back Yoda Rewind		Tim Odermatt		2021				EXPOSURE	EXPOSURE	8	It's almost a Back Yoda Roll and a Front Yoda Roll in the same bounce. Start at the very bottom of the bounce with a Back Yoda Roll so the line snaps up and after around three quarters of rotation you have some resistance of the line to push off of into the Front Yoda Roll. 	Es casi un Back Yoda Roll y un Front Yoda Roll en el mismo rebote. Comienza en la parte inferior del rebote con un Yoda Roll trasero para que la línea se levante y después de tres cuartos de rotación tengas algo de resistencia de la línea para empujar hacia el Yoda Roll delantero. 	Start a lot earlier than you would for most tricks.	Empieza mucho antes de lo que lo harías para la mayoría de los trucos.		1 Jan 2022	FALSE
10199	Sofa Roll to Feet					https://youtu.be/rWqH_51ztQA?t=12678	12678	12682	SOFA	EXPOSURE	4	Do a Sofa Roll and during the roll you lean a bit to the side so you can get one foot on the line to finish the roll you get the second foot up and stand up.	Haz un Sofa Roll y durante el rollo te inclinas un poco hacia un lado para poder poner un pie en la línea para terminar el rollo subes el segundo pie y te pones de pie.			10180	1 Jan 2022	
10200	Back Sofa Roll to Feet								SOFA	EXPOSURE	4	Do a Back Sofa Roll and during the roll you lean a bit to the side so you can get one foot on the line to finish the roll you get the second foot up and stand up.	Haz un rollo de sofá hacia atrás y durante el rollo te inclinas un poco hacia el lado para poder poner un pie en la línea para terminar el rollo subes el segundo pie y te pones de pie.			10180	1 Jan 2022	
10201	Yisus Mount		Leonardo Ferrari		2021	https://www.instagram.com/p/CXeLk4Qldu_/			YISUS	EXPOSURE	5	Hanging on the line grabbing it with both hands and having it run under your elbows and shoulders press yourself up to Exposure.	Colgarse de la línea agarrándola con las dos manos y hacerla pasar por debajo de los codos y los hombros para presionarse hasta Exponerse.	Watch out for your shoulders on this one!	¡Cuidado con los hombros en este caso!		1 Jan 2022	FALSE
10202	Orbital to Sofa		Ian Eisenberg		2021				STAND	SOFA	5	Like an Orbital but instead of throwing your leg over the line you land in Sofa.	Como un Orbital pero en vez de lanzar la pierna sobre la línea aterrizas en Sofá.			10084	1 Jan 2022	
10203	Shaolin		Ian Eisenberg		2021				ROCKET	ROCKET	5	Think like you want to do a Rocket Mount to Sofa but instead of landing in Sofa you pop both legs through your arms and then drop back to Rocket.	Piensa como si quisieras hacer un montaje de Cohete a Sofá, pero en lugar de aterrizar en Sofá, pasas ambas piernas por los brazos y luego caes de nuevo a Cohete.				1 Jan 2022	
10204	Rocket Nasty		Ian Eisenberg		2021				ROCKET	ROCKET	4	Sick Nasty from Rocket to Rocket.	Sick Nasty de Rocket a Rocket.				1 Jan 2022	
10205	Rocket Mount to DDK		Enzo Fuchs						ROCKET	DOUBLE DROP KNEE	4	Rocket Mount landing in Double Drop Knee.	Aterrizaje con cohete en doble caída de rodilla.				1 Jan 2022	
10206	Orbital 180	Fake Orbital							STAND	CHEST	4	Orbital 180 landing in Chest. The 180 makes it easier to land.	Aterrizaje del Orbital 180 en el pecho. El 180 facilita el aterrizaje.	Also called Norbital.	También llamado Norbital.		1 Jan 2022	
10207	Tre Nasty to Feet		Ian Eisenberg		2021				SOFA	STAND	8	Tre Nasty landing to Feet.	Tre Nasty aterrizando a Pies.			10109	1 Jan 2022	
10208	Kung Pao to Feet	Shrimpzilla	Ian Eisenberg		2021	https://www.instagram.com/p/CXXU9U7KvZ7/			ROCKET	EXPOSURE	10	Shrimpflip to Reverse Rocket Mount.	Volteo de camarones a montura de cohete invertida.			10174	1 Jan 2022	
10209	Mini-Fireflip		Salomé Cholet		2021	https://youtu.be/rWqH_51ztQA?t=14839	14839	14843	KOREAN	KOREAN	3	From Korean grab the line behind you and go into a Front Chest Roll. Land back in Korean looking at the other anchor.	Desde el coreano agarra la línea detrás de ti y haz un Front Chest Roll. Aterriza de nuevo en coreano mirando al otro ancla.				1 Jan 2022	
10210	Fireflip to Shoulder		Samuel Volery		2022	https://www.instagram.com/p/CYPMq9BJg55/			KOREAN	SHOULDER	4	From Korean grab the line behind you and go into a Front Chest Roll. Land on your shoulder to finish the trick.	Desde el coreano agarra la línea detrás de ti y haz un Front Chest Roll. Aterriza sobre tu hombro para terminar el truco.			10209	1 Jan 2022	
10212	Back Roll from Chest to Feet	Frog Flip	Ian Eisenberg		2022	https://www.instagram.com/p/CYPPtWFvkIg/			CHEST	STAND	7	From Chest you push off the line with both hands to get into a backflip and then land to Feet.	Desde el pecho empujas la línea con ambas manos para entrar en un backflip y luego aterrizar a Pies.				1 Jan 2022	
10213	Reverse Panic Roll								KOREAN	SOFA	3	From Korean you do a backside spin together with a back roll finishing in Sofa.	Desde el coreano se hace un giro hacia atrás junto con un giro hacia atrás terminando en Sofá.			10000	1 Jan 2022	
10214	Reverse Panic Roll to Feet								KOREAN	EXPOSURE	5	From Korean do a backside 270 spin together with a back roll finishing in Exposure.	Desde el coreano haz un giro de 270 hacia atrás junto con un giro hacia atrás terminando en Exposición.			10213	1 Jan 2022	
10215	Reverse Flowflip								KOREAN	KOREAN	3	From Korean do a backside 360 spin together with a back roll finishing in Korean.	Desde el coreano hacer un giro de 360º hacia atrás junto con un giro hacia atrás terminando en coreano.			10015	1 Jan 2022	
10216	Reverse Flowflip to Feet	Wolfflip to Feet	Ian Eisenberg	Jul	2022	https://www.instagram.com/p/CfrFKq2tP0m/			KOREAN	STAND	5	From Korean do a backside 360 spin together with a back roll finishing to Feet.	Desde el coreano haz un giro de 360º hacia atrás junto con un giro hacia atrás terminando en Pies.			10215	1 Jan 2022	
10217	Sick Nasty Roll from Feet		Ian Eisenberg		2021	https://youtu.be/aAq4Tf8naOM?t=80	80	84	EXPOSURE	SOFA	6	Sick Nasty Roll but starting in Exposure.	Sick Nasty Roll pero comenzando en Exposure.			10068	1 Jan 2022	
10218	360 Expoorbital to Feet	Cosmonaut	Ian Eisenberg		2021	https://youtu.be/lzz9jvtYpi0?t=567	567	572	EXPOSURE	EXPOSURE	8	Expoorbital to Feet with a 360 spin.	Expoorbital a Pies con un giro de 360.			10115	1 Jan 2022	
10219	Flow 540 to Feet		Tim Odermatt		2021	https://youtu.be/aAq4Tf8naOM?t=131	131	135	KOREAN	STAND	6	Like a normal Flow to Feet but adding a 180 at the end.	Como un Flow to Feet normal pero añadiendo un 180 al final.			10224	1 Jan 2022	
10220	180 Darkside Roll	Rubik's Cube	Ian Eisenberg		2021	https://www.instagram.com/p/CPWrEFhKBUm/			SOFA	EXPOSURE	9	It's a Sick Nasty 180 with a roll landing in Exposure.	Es un Sick Nasty 180 con un aterrizaje en exposición.			10214	1 Jan 2022	
10221	Korean Pop	Sushi	Ian Eisenberg		2021	https://youtu.be/7yLCyoHgUS0?t=1322	1322	1323	STAND	STAND	4	Stylish Korean pop from Feet to Feet.	El elegante pop coreano de Feet to Feet.				1 Jan 2022	
10222	Sofa 360								SOFA	SOFA	2	From Sofa grab the line on your side and then going over your belly do a 360 landing back in Sofa.	Desde Sofá agarra la línea de tu lado y luego pasando por encima de tu vientre haz un 360 aterrizando de nuevo en Sofá.	To land it you need to stick your butt out!	Para aterrizar hay que sacar el culo.		1 Jan 2022	
10223	Nevermind 180		Sebastian Egger		2021	https://youtu.be/Ej2ocABoNC4?t=22796	22796	22802	NEVERMIND	EXPOSURE	4	Start as you would for a Nevermind but then use your foot that is in contact with the line to initiate a spin and do a 180 before you land in Exposure.	Comienza como lo harías para un Nevermind pero luego utiliza el pie que está en contacto con la línea para iniciar un giro y hacer un 180 antes de aterrizar en la Exposición.			10036	1 Jan 2022	
10224	Korean 360	Flow				https://www.youtube.com/watch?v=12HbVhoFloM			KOREAN	KOREAN	1	From Korean you grab the hands facing the same way on the line behind you and then swing your far leg over the line twice to do a 360 landing back in Korean.	Desde el coreano agarras las manos mirando hacia el mismo lado en la línea detrás de ti y luego balanceas tu pierna más lejana sobre la línea dos veces para hacer un 360 aterrizando de nuevo en el coreano.	It's a Flowflip without the roll around the line.	Es un Flowflip sin el rollo alrededor de la línea.	10225	1 Jan 2022	
10225	Sofa 270 to Korean	Panic				https://www.youtube.com/watch?v=12HbVhoFloM			SOFA	KOREAN	1	From Sofa you grab the line on your side with both hands facing the same way. If you go to the left you want to swing your right leg over the line doing a 270 (180 if you start from Butt) landing in Korean.	Desde el Sofá agarras la línea de tu lado con ambas manos mirando hacia el mismo lado. Si vas a la izquierda quieres balancear tu pierna derecha sobre la línea haciendo un 270 (180 si empiezas desde Butt) aterrizando en coreano.	It's a Panic Roll without the roll.	Es un rollo de pánico sin el rollo.		1 Jan 2022	
10226	Richy Roll to Feet								KOREAN	EXPOSURE	4	Front Sofa Roll to Feet but starting from Korean so you have to swing one leg over the line first.	Rollo de sofá frontal a los pies, pero comenzando desde el coreano, por lo que tiene que girar una pierna sobre la línea primero.			10199	1 Jan 2022	
10227	Back Richy Roll to Feet								KOREAN	EXPOSURE	4	Back Sofa Roll to Feet but starting from Korean so you have to swing one leg over the line first.	Rollo de sofá de espalda a los pies, pero comenzando desde el coreano, por lo que tiene que girar una pierna sobre la línea primero.			10200	1 Jan 2022	
10228	360 Spin								STAND	STAND	4	Standing 360 spin. It's a technical one.	Giro de 360 grados de pie. Es una técnica.				1 Jan 2022	
10229	Shrimpflip 180 to Belly								ROCKET	BELLY	5	From Rocket thread your legs in between your arms and the line and let go with one hand to start the 180. Land in Belly.	Desde Rocket enhebra las piernas entre los brazos y la línea y suéltalas con una mano para iniciar el 180. Aterriza en el vientre.				1 Jan 2022	
10230	Butter Roll								SOFA	SOFA	4	From Sofa grab the line with one hand behind your back on the other side. With this hand you pull yourself to do a 360 and add a Back Sofa Roll in the end.	Desde el Sofá agarra la línea con una mano detrás de tu espalda en el otro lado. Con esta mano te tiras para hacer un 360 y añadir un Back Sofa Roll al final.			10053	1 Jan 2022	
10231	Frontroll to Feet								SHOULDER	STAND	5	From Shoulder push yourself forward to land on your Feet.	Desde el hombro empújate hacia adelante para caer de pie.			10048	1 Jan 2022	
10232	360 Darkside Roll	Megaminx	Ian Eisenberg		2022	https://www.instagram.com/p/CZQI4Nur_XQ/			SOFA	EXPOSURE	10	Think of it like a Rubik's Cube 180.	Piensa en ello como un cubo de Rubik 180.			10220	1 Jan 2022	
10233	180 Backflip		Oscar Defoor	Feb	2022	https://www.instagram.com/p/CadBn6CjXqM/			STAND	EXPOSURE	10	Start in regular position, rotate 180° backside and do a backflip starting from switch position. Land on the same shoulder as the normal backflip.	Comienza en posición normal, gira 180° hacia atrás y haz un backflip partiendo de la posición de cambio. Aterriza en el mismo hombro que la voltereta normal.	Get the 180° backflop as solid as possible first!	Primero haz el backflop de 180º lo más sólido posible. 	10148;10126	9 May 2022	
10234	Double Dibahia		Ian Eisenberg		2022	https://www.instagram.com/p/CZh3qZata-5/			STAND	KOREAN	10	Double Backroll from feet.	Doble retroceso desde los pies.	Protecting your arm from leashburns could be beneficial.	Proteger el brazo de las quemaduras por presión podría ser beneficioso.	10086	9 May 2022	
10235	Double Back Yoda Roll 180		Tim Odermatt		2022	https://www.instagram.com/p/Caf2ldqgtLc/			EXPOSURE	EXPOSURE	10	Back Yoda Roll to Back Yoda Roll 180 in one bounce.	Rollo de Yoda hacia atrás a Rollo de Yoda hacia atrás 180 en un rebote.			10150	9 May 2022	
10236	Underflip to Feet	Fireball	Cesare Bellamoli	Apr	2022	https://youtu.be/eUguTccJblI?t=45			KOREAN	EXPOSURE	7						9 May 2022	
10237	One hand one foot Can of Soup	Pastisroll	Oscar Defoor	Jul	2021				SOUP	STAND	4	Can of soup with only using the back hand and the front foot hooking the line.	Lata de sopa con sólo usar la mano trasera y el pie delantero enganchando la línea.					
10238	Double Boomerang		Ian Eisenberg	Feb	2022	https://youtu.be/rWqH_51ztQA?t=6940	6940	6946	SOFA	SOFA								
10239	Shrimpflip 360 to Feet	Shrimp Cocktail	Ian Eisenberg	Mar	2022	https://www.instagram.com/p/CbV9q1_p8DI/			ROCKET	EXPOSURE								
10240	Shrimp Pop over the line to Rocket		Ian Eisenberg	Apr	2022	https://www.instagram.com/p/CchgGTOO_ku/			ROCKET	ROCKET								
10241	Downward Spiral		Ian Eisenberg	Apr	2022	https://www.instagram.com/p/Cck9B16DcDi/			STAND	KOREAN								
10242	Capoeira Flop		Ian Eisenberg	Apr	2022	https://www.instagram.com/p/Cck9B16DcDi/			STAND	KOREAN								
10243	Sick Nasty Rewind	Boomerang	Ian Eisenberg	Apr	2022	https://www.instagram.com/p/Cck9B16DcDi/			SOFA	SOFA								
10244	Sushi Backflop		Ian Eisenberg	May	2022	https://www.instagram.com/p/CdsGGZrvNJ2/			STAND	KOREAN								
10245	Super Sonic Shaolin		Ian Eisenberg	May	2022	https://www.instagram.com/p/CdsGGZrvNJ2/			ROCKET	ROCKET								
10246	Shrimp Mount		Ian Eisenberg	May	2022	https://www.instagram.com/p/Cd7NRJeNEAa/			ROCKET	EXPOSURE								
10247	Double Drop Knee Almighty		Ian Eisenberg	Jul	2022	https://www.instagram.com/p/CeVEh4DDYle/			DOUBLE DROP KNEE	EXPOSURE								
10248	Boomerang to Feet	Bangarang	Ian Eisenberg	Jul	2022	https://www.instagram.com/p/CeVEh4DDYle/			SOFA	EXPOSURE								
10249	No Hands Back Panic Roll to Feet	Back Panic Attack	Ian Eisenberg	Jul	2022	https://www.instagram.com/p/Cfczh8IpvK4/			SOFA	EXPOSURE								
10250	Boomerang 180		Ian Eisenberg	Jul	2022	https://www.instagram.com/p/CgUkGA0uVlA/			SOFA	SOFA								
10251	Reverse Rocket Mount 360 		Ian Eisenberg	Jul	2022	https://www.instagram.com/p/CgUkGA0uVlA/			ROCKET	EXPOSURE								
10252	Sushi Backflip	Sushi-Flip	Ian Eisenberg	Aug	2022	https://www.instagram.com/p/Cg8_eXWLmXw/			STAND	STAND								
10253	NH Backflip		Ian Eisenberg	Aug	2022	https://www.instagram.com/p/Cg_eTDJLsZ6/			STAND	STAND								FALSE
10254	BS 360 Rocket Mount		Ian Eisenberg	Aug	2022	https://www.instagram.com/p/ChPQYxLMAMA/			ROCKET	EXPOSURE								
10255	Batman		Ian Eisenberg	Aug	2022	https://www.instagram.com/p/ChsA7RvrV7m/			ROCKET	ROCKET								FALSE
10256	Shark Bite		Ian Eisenberg	Aug	2022	https://www.instagram.com/p/ChsA7RvrV7m/			ROCKET	ROCKET								FALSE
10257	Double Darth Vader		Ian Eisenberg	Aug	2022	https://www.instagram.com/p/ChsjejWLu8d/			ROCKET	EXPOSURE								
10258	Darkside Almighty	All-Nasty	Ian Eisenberg	Aug	2022	https://www.instagram.com/p/Chxgwo6s6g_/			SOFA	EXPOSURE								
10259	540 Rocket to Sofa		Ian Eisenberg	Aug	2022	https://www.instagram.com/p/Ch11yrdsUEG/			ROCKET	SOFA								
10260	360 Back Almighty		Ian Eisenberg	Sep	2022	https://www.instagram.com/p/Ch99aJdpyUo/			STAND	STAND								
10261	Orbital to Double Drop Knee		Ian Eisenberg	Aug	2022	https://www.instagram.com/p/Cjkb1LXrFci/			STAND	DOUBLE DROP KNEE								FALSE
10262	Shrimpflip 180 to Antihero	Shrimpy Hero	Justin Wagers	Feb	2022	https://www.instagram.com/p/CaPmmmsl1e3/			ROCKET	SOFA								FALSE
10263	Backbounce Panic Attack	Back Attack	Justin Wagers	Jun	2022	https://www.instagram.com/p/Ce3cq4OIs0l/			BACK	EXPOSURE								
10264	Holy Back No Soup		Justin Wagers	Jul	2022	https://www.instagram.com/p/CgMeLKqogmm/			SOUP	EXPOSURE								
10265	360 Darth Vader		Justin Wagers	Jul	2022	https://www.instagram.com/p/Cgb_ScXIF86/			ROCKET	EXPOSURE								
10266	Back Holy Grail		Justin Wagers	Aug	2022	https://www.instagram.com/p/Cgt9fIHIsrr/			EXPOSURE	EXPOSURE								
10267	Leash Orbital	Lando	Davis Hermes	Jul	2022	https://www.instagram.com/p/CgrrMmhgxhF/			STAND	KOREAN								
10268	Recliner		Davis Hermes	Oct	2022	https://www.instagram.com/p/CkGaEU7Apq4/			SOFA	EXPOSURE								FALSE
10269	Darth Vader from Yisus	Resurrección	Gon Caturelli	Feb	2022	https://www.instagram.com/p/CZ5RlXfjAnA/			YISUS	EXPOSURE								FALSE
10270	Antihero from Yisus	Anticristo	Gon Caturelli	Jan	2022	https://www.instagram.com/p/CZPRbnNKCZ4/			YISUS	SOFA								FALSE
10271	Darth Vader Two Hands	Dark Vader	Gon Caturelli	Jul	2022	https://www.instagram.com/p/CgSsE-Ljq2_/			ROCKET	EXPOSURE								
10272	Orbital from Chest to Feet	Onda	Cesare Bellamoli	Apr	2022	https://youtu.be/eUguTccJblI?t=23			CHEST	EXPOSURE								
10273	Fireflip (no 180)	FireFly	Samuel Volery	Oct	2021	https://www.instagram.com/p/CVQIDtpAbme/			KOREAN	EXPOSURE								
10274	Sick Nasty to Yisus	Nasty Christo	Gon Caturelli	Sep	2022	https://www.instagram.com/p/CjGFSHejhqn/			SOFA	YISUS								
10275	Back Sofa Roll from Korean	Back Richy Roll	Richard Schupisser			https://youtu.be/Ej2ocABoNC4?t=18057	18057	18061	KOREAN	SOFA	2	From Korean let yourself fall to the side and immediately after you start the roll swing one leg over the line to finish the roll as a Sofa Roll.						
	Makako 180 to Feet	Darthkako	Sakalomo			https://youtu.be/Ej2ocABoNC4?t=21781	21781	21788	NEVERMIND	EXPOSURE								
	Fake 180 Barrel Roll		Samuel Volery			https://youtu.be/rWqH_51ztQA?t=11530	11530	11535	STAND	STAND								